2018 Honda Accord,23750,https://st.motortrend.com/uploads/sites/10/2017/07/2018-Honda-Accord-Touring-rear-three-quarter.jpg
BMW i8,147500,https://www.cars.com/cstatic-images/car-pictures/xl/usc90bmc682a021001.png
Kawasaki JET SKIÂ® SX-R,9999,https://content.kawasaki.com/Content/Uploads/Products/7701/Colors/xjcbpbfm.pol.png
Areti Yacht,200629000,https://www.fraseryachts.com/yachts-image/areti/Lurssen_yacht_for_sale_Areti_8820.jpg
2016 Honda Stateline,9999,http://www.hondaprokevin.com/wp-content/uploads/ngg_featured/2016-honda-stateline-review-1300-cruiser-motorcycle-bike-vt1300-vt13-v-twin-.jpg
Kawasaki Jet Ski STX-15F,9699,https://content.kawasaki.com/Content/Uploads/Products/7907/Colors/jlerx4bd.dmm.png
Samsung 27.9 cu. ft. Family Hub 4-Door French Door Smart Refrigerator in Stainless Steel with FlexZone,3537,https://images.homedepot-static.com/productImages/b8f058b4-b30a-414d-b988-6959b2d04532/svn/stainless-samsung-french-door-refrigerators-rf28n9780sr-64_1000.jpg
Riverstone 2-Piece Sierra Chocolate Microfiber Living Room Set,896,https://images.homedepot-static.com/productImages/6c853b0e-6ffb-460e-b3cb-c81f6b0097d8/svn/brown-flash-furniture-living-room-sets-rs417001lsset-64_1000.jpg
Club 3-Piece Tufted Chocolate Brown Bonded Leather Sofa Set,1997,https://images.homedepot-static.com/productImages/4b3dd05a-7928-464e-add9-e214a21895c3/svn/chocolate-brown-corliving-living-room-sets-lzy-141-z1-64_1000.jpg
Lifesmart Antigua (LS400DX) 5-Person 22-Jet Plug and Play Spa,2659,https://outletspas.com/wp-content/uploads/2018/01/0081279201227_F.jpg
"Sony - 70"" Class - LED - X690E Series - 2160p - Smart - 4K UHD TV with HDR",1000,https://pisces.bbystatic.com/image2/BestBuy_US/images/products/5900/5900135_sd.jpg;maxHeight=640;maxWidth=550
DJI Mavic Pro,999,https://product4.djicdn.com/uploads/photos/114/medium_4058afad-4331-40ab-9a4e-30b49c72447b.jpg
Microsoft Surface Pro 6,899,https://img-prod-cms-rt-microsoft-com.akamaized.net/cms/api/am/imageFileData/RE2wVvp?ver=fdc3&q=90&m=6&h=650&w=1600&b=%23FFFFFFFF&l=f&f=jpg&o=t&aim=true
5.1 Surround Set with Beam & Play:1,1299,https://content.sonos.com/cdn_static/dw/image/v2/ABCG_PRD/on/demandware.static/-/Sites-sonos-master/default/dw1292392c/images/speaker-sets/5-1-surround-set-beam-black.png?sw=400&sh=400&sm=fit
Canon EOS 80D DSLR,1199,https://www.usa.canon.com/internet/wcm/connect/us/667c7337-f450-43da-ba80-4236680196fd/eos80d-ef-s18-135-3q-.jpg?MOD=AJPERES&CACHEID=ROOTWORKSPACE.Z18_P1KGHJ01L85180AUEPQQJ53034-667c7337-f450-43da-ba80-4236680196fd-lbI9xCr
"Samsung 85"" Class Q900 QLED Smart 8K UHD TV (2018)",15000,https://s7d2.scene7.com/is/image/SamsungUS/01-QN85Q900RAFXZA-091018?$product-details-jpg$
Never Summer Peacemaker Snowboard,520,https://thumb.grindnetworks.com/ESXGyQSmeKu5QhElkhzyoG-nAmI=/970x1456/filters:format(jpg):quality(80):max_bytes(500000):sharpen(0.2%2C1%2Cfalse):strip_exif():strip_icc()/aHR0cHM6Ly9jZG4tc25vd2JvYXJkaW5nLnRyYW5zd29ybGQubmV0L2Jsb2dzLmRpci80NDIvZmlsZXMvMjAxOC8wOS8zMy1uZXZlcl9zdW1tZXJfMjAxOF80Xzlfc3RvbXBfMDIxNS1iYXNoZXIuanBn
Audio-Technica ATH-M50x Studio Monitor Headphones,149,https://images-na.ssl-images-amazon.com/images/I/81Hajq6vPiL._SY879_.jpg
Brooks Brothers Regent Fit Stretch Wool Two-Button 1818 Suit,898,https://brooksbrothers.scene7.com/is/image/BrooksBrothers/MK00781_NAVY_2?$bbproductimages$
Rolex Oyster Perpetual 39 Men's Automatic Watch 114300,5750,https://s.yimg.com/aah/movadobaby/rolex-oyster-perpetual-oyster-15.jpg
"15"" Macbook Pro (2018)",2399,https://cnet2.cbsistatic.com/img/r55D9EFCaaNpPVUay88jTv5-gZ4=/830x467/2017/06/27/13484418-bfd9-41e2-8f2d-9b4afb072da8/apple-macbook-pro-15-inch-2017-14.jpg